"searchKey0","carName0","carDesc0"
"searchKey1","carName1","carDesc1"
"searchKey2","carName2","carDesc2"
"searchKey3","carName3","carDesc3"
"searchKey4","carName4","carDesc4"
"searchKey5","carName5","carDesc5"
"searchKey6","carName6","carDesc6"
"searchKey7","carName7","carDesc7"
"searchKey8","carName8","carDesc8"
"searchKey9","carName9","carDesc9"
"sea, rchKey0","carName0","carD, esc0"
"sea, rchKey1","carName1","carD, esc1"
"sea, rchKey2","carName2","carD, esc2"
"sea, rchKey3","carName3","carD, esc3"
"sea, rchKey4","carName4","carD, esc4"
"sea, rchKey5","carName5","carD, esc5"
"sea, rchKey6","carName6","carD, esc6"
"sea, rchKey7","carName7","carD, esc7"
"sea, rchKey8","carName8","carD, esc8"
"sea, rchKey9","carName9","carD, esc9"
"sea, rchKey0","carName0","carD, esc0"
"sea, rchKey1","carName1","carD, esc1"
"sea, rchKey2","carName2","carD, esc2"
"sea, rchKey3","carName3","carD, esc3"
"sea, rchKey4","carName4","carD, esc4"
"sea, rchKey5","carName5","carD, esc5"
"sea, rchKey6","carName6","carD, esc6"
"sea, rchKey7","carName7","carD, esc7"
"sea, rchKey8","carName8","carD, esc8"
"sea, rchKey9","carName9","carD, esc9"
